seller1,Thu Aug 11 20:46:15 EDT 2022
seller1,Wed Sep 07 23:00:44 EDT 2022
seller1,Wed Sep 07 23:02:17 EDT 2022
seller1,Sat Sep 10 23:14:43 EDT 2022
seller1,Thu Sep 15 02:13:04 EDT 2022
seller1,Fri Sep 16 21:00:32 EDT 2022
seller1,Thu Oct 13 23:59:26 EDT 2022
seller1,Fri Oct 14 00:00:52 EDT 2022
seller1,Fri Oct 14 00:01:23 EDT 2022
seller1,Fri Oct 14 00:02:55 EDT 2022
seller1,Fri Oct 14 00:04:19 EDT 2022
seller1,Fri Oct 14 00:06:30 EDT 2022
seller1,Mon Oct 17 05:03:59 EDT 2022
seller1,Mon Oct 17 05:05:52 EDT 2022
seller1,Mon Oct 17 05:06:36 EDT 2022
admin1,Thu Aug 11 20:52:38 EDT 2022
admin1,Thu Aug 11 20:53:09 EDT 2022
admin1,Thu Aug 11 20:53:50 EDT 2022
admin1,Sat Sep 10 23:06:15 EDT 2022
admin1,Sat Sep 10 23:21:38 EDT 2022
admin1,Sat Sep 10 23:25:20 EDT 2022
admin1,Mon Sep 12 20:48:18 EDT 2022
admin1,Wed Sep 14 14:10:29 EDT 2022
admin1,Wed Sep 14 14:11:33 EDT 2022
admin1,Wed Sep 14 14:12:50 EDT 2022
admin1,Wed Sep 14 14:19:07 EDT 2022
admin1,Wed Sep 14 14:21:39 EDT 2022
admin1,Thu Sep 15 02:12:26 EDT 2022
admin1,Thu Sep 15 02:14:14 EDT 2022
admin1,Thu Sep 15 02:16:42 EDT 2022
admin1,Thu Sep 15 16:11:30 EDT 2022
admin1,Fri Sep 16 20:59:51 EDT 2022
admin1,Sat Sep 17 22:20:29 EDT 2022
admin1,Sat Sep 17 22:21:33 EDT 2022
admin1,Mon Oct 17 00:29:20 EDT 2022
admin1,Mon Oct 17 00:55:18 EDT 2022
admin1,Mon Oct 17 00:56:21 EDT 2022
admin1,Mon Oct 17 00:57:18 EDT 2022
admin1,Mon Oct 17 05:17:50 EDT 2022
admin1,Mon Oct 17 05:18:42 EDT 2022
admin1,Mon Oct 17 05:19:15 EDT 2022
admin2,Thu Aug 11 20:54:29 EDT 2022
admin2,Sat Sep 10 23:25:34 EDT 2022
admin2,Mon Sep 12 20:48:36 EDT 2022
admin2,Wed Sep 14 14:10:56 EDT 2022
admin2,Wed Sep 14 14:19:25 EDT 2022
admin2,Thu Sep 15 02:14:27 EDT 2022
admin2,Thu Sep 15 02:16:55 EDT 2022
admin2,Mon Oct 17 00:58:01 EDT 2022
admin2,Mon Oct 17 00:58:39 EDT 2022
admin2,Mon Oct 17 05:15:23 EDT 2022
admin2,Mon Oct 17 05:16:32 EDT 2022
buyer1,Thu Aug 11 20:46:04 EDT 2022
buyer1,Thu Aug 11 20:49:23 EDT 2022
buyer1,Thu Aug 11 20:57:38 EDT 2022
buyer1,Thu Aug 11 21:06:27 EDT 2022
buyer1,Sat Sep 10 17:17:47 EDT 2022
buyer1,Sat Sep 10 22:59:10 EDT 2022
buyer1,Sat Sep 10 23:02:48 EDT 2022
buyer1,Sat Sep 10 23:03:42 EDT 2022
buyer1,Sat Sep 10 23:15:46 EDT 2022
buyer1,Sat Sep 10 23:21:57 EDT 2022
buyer1,Sat Sep 10 23:24:00 EDT 2022
buyer1,Sat Sep 10 23:24:27 EDT 2022
buyer1,Wed Sep 14 14:11:50 EDT 2022
buyer1,Wed Sep 14 14:18:39 EDT 2022
buyer1,Wed Sep 14 14:21:55 EDT 2022
buyer1,Wed Sep 14 14:24:24 EDT 2022
buyer1,Thu Sep 15 02:11:57 EDT 2022
buyer1,Thu Sep 15 02:16:03 EDT 2022
buyer1,Fri Sep 16 21:00:02 EDT 2022
admin3,Sat Sep 10 23:14:04 EDT 2022
admin3,Sat Sep 10 23:26:32 EDT 2022
admin3,Mon Sep 12 20:48:59 EDT 2022
admin3,Wed Sep 14 14:11:13 EDT 2022
admin3,Thu Sep 15 02:14:41 EDT 2022
admin3,Thu Sep 15 02:17:06 EDT 2022
admin3,Mon Oct 17 01:00:48 EDT 2022
