a1,Thu Jul 21 21:45:07 EDT 2022
a1,Thu Jul 21 22:27:05 EDT 2022
eee,Wed Jul 27 22:55:54 EDT 2022
ere,Thu Jul 21 23:49:50 EDT 2022
ere,Thu Jul 21 23:55:32 EDT 2022
ere,Thu Jul 21 23:56:42 EDT 2022
ere,Thu Jul 21 23:57:50 EDT 2022
ere,Thu Jul 21 23:59:19 EDT 2022
ere,Fri Jul 22 00:00:30 EDT 2022
ere,Fri Jul 22 00:01:15 EDT 2022
ere,Fri Jul 22 00:12:47 EDT 2022
ere,Fri Jul 22 00:19:47 EDT 2022
ere,Fri Jul 22 00:21:03 EDT 2022
ere,Fri Jul 22 00:23:13 EDT 2022
ere,Fri Jul 22 00:23:57 EDT 2022
ere,Fri Jul 22 00:27:00 EDT 2022
ere,Fri Jul 22 00:28:21 EDT 2022
ere,Wed Jul 27 19:14:38 EDT 2022
ere,Wed Jul 27 19:15:54 EDT 2022
ere,Wed Jul 27 19:16:24 EDT 2022
ere,Wed Jul 27 19:29:09 EDT 2022
ere,Wed Jul 27 19:30:51 EDT 2022
ere,Wed Jul 27 19:41:46 EDT 2022
ere,Wed Jul 27 19:42:09 EDT 2022
ere,Wed Jul 27 19:43:15 EDT 2022
Eree,Thu Jul 21 23:28:47 EDT 2022
Eree,Thu Jul 21 23:30:42 EDT 2022
Eree,Thu Jul 21 23:31:16 EDT 2022
Eree,Thu Jul 21 23:32:49 EDT 2022
Eree,Thu Jul 21 23:35:59 EDT 2022
Eree,Thu Jul 21 23:36:30 EDT 2022
Eree,Thu Jul 21 23:41:31 EDT 2022
Eree,Thu Jul 21 23:42:37 EDT 2022
Eree,Thu Jul 21 23:43:44 EDT 2022
Eree,Thu Jul 21 23:51:09 EDT 2022
s1,Thu Jul 21 21:45:37 EDT 2022
b1,Thu Jul 21 21:45:24 EDT 2022
eee,Wed Jul 27 22:57:44 EDT 2022
